{
  "pr_sessions_total": 12.843345427983788,
  "pr_sessions_last_30d": 1.7764696920944691,
  "pr_mean_duration": 21.575894495670706,
  "pr_progress_rate": 0.29243115454838897,
  "pr_concern_rate": 0.16818280365508412,
  "pr_mean_gap_days": 7.423091449386014,
  "pr_emotional_improvement_trend": 0.06172029179951673,
  "hv_total_visits": 6.41505492422162,
  "hv_favorable_rate": 0.2862355109075045,
  "hv_family_cooperation_rate": 0.2594963706354118,
  "edu_mean_attendance": 0.3164020421378466,
  "edu_mean_progress": 36.53383831636147,
  "edu_progress_trend": 0.1787046779030869,
  "hw_mean_general_health": 1.364892505183318,
  "hw_health_trend": 0.0014159914227267548,
  "inc_total": 0.9638858441411173,
  "inc_last_30d": 0.27309100517812396,
  "inc_mean_severity": 1.0451672634705078,
  "ip_total_plans": 0.0,
  "ip_achieved_rate": 0.2405598112684088,
  "ip_overdue_count": 1.3027987831291594,
  "age_at_admission_years": 2.9916048561754507,
  "initial_risk_ord": 0.9362804302968258,
  "days_since_enrollment": 272.37384190508067
}