{
  "pr_sessions_total": 16.0,
  "pr_sessions_last_30d": 2.0,
  "pr_mean_duration": 67.69615384615385,
  "pr_progress_rate": 0.9393939393939394,
  "pr_concern_rate": 0.21680376028202114,
  "pr_mean_gap_days": 10.940285204991088,
  "pr_emotional_improvement_trend": 0.0,
  "hv_total_visits": 7.0,
  "hv_favorable_rate": 0.5,
  "hv_family_cooperation_rate": 0.375,
  "edu_mean_attendance": 0.7073333333333333,
  "edu_mean_progress": 70.98333333333332,
  "edu_progress_trend": 0.12222211759932215,
  "hw_mean_general_health": 3.1042857142857136,
  "hw_health_trend": 0.0005293536360778019,
  "inc_total": 0.0,
  "inc_last_30d": 0.0,
  "inc_mean_severity": 0.0,
  "ip_total_plans": 3.0,
  "ip_achieved_rate": 0.0,
  "ip_overdue_count": 2.0,
  "age_at_admission_years": 15.166666666666666,
  "initial_risk_ord": 2.0,
  "days_since_enrollment": 337.0
}